复核队列,来源Round,T,H,R,Z,P,U,C,N,Q
Uncertain,Round_1,10481,0,10481,6201,964,3316,0,0,9517
Uncertain,Round_2,10467,0,10467,6173,949,3345,0,0,9518
Uncertain,Round_3,10439,0,10439,6177,976,3286,0,0,9463
Uncertain,Round_4,10582,0,10582,6240,984,3358,0,0,9598
Uncertain,Round_5,10450,0,10450,6065,967,3418,0,0,9483
Uncertain,小计,52419,0,52419,30856,4840,16723,0,0,47579
分类/描述/Other,Round_1,309,0,309,305,0,1,3,0,309
分类/描述/Other,Round_2,310,0,310,308,0,1,1,0,310
分类/描述/Other,Round_3,350,0,350,345,3,1,1,0,347
分类/描述/Other,Round_4,362,0,362,353,3,3,3,0,359
分类/描述/Other,Round_5,290,0,290,287,0,0,3,0,290
分类/描述/Other,小计,1621,0,1621,1598,6,6,11,0,1615
合计(去重),Round_1–5,54040,0,54040,32454,4846,16729,11,0,49194
